{
  "metrics": {
    "train": {
      "N": 1573,
      "AUC": 0.8430200910530483,
      "ACC": 0.743801652892562,
      "F1": 0.6285714285714286,
      "Precision": 0.5135542168674698,
      "Recall": 0.8099762470308789,
      "CM": [
        [
          829,
          323
        ],
        [
          80,
          341
        ]
      ]
    }
  },
  "split_sizes": {
    "train": 1573,
    "test": 653,
    "monitor": 1138
  },
  "n_features": {
    "numeric": 5,
    "categorical": 27
  }
}