Dataset,Metric,Value
Validation,Accuracy,0.7295690936106983
Validation,AUC-ROC,0.8304881301680449
Validation,Precision,0.5033783783783784
Validation,Recall,0.8097826086956522
OOT,Accuracy,0.7497522299306244
OOT,AUC-ROC,0.8569118989653074
OOT,Precision,0.5148632580261593
OOT,Recall,0.8169811320754717
